[{"date":"2021-09-02T00:00:00Z","event":"http://www.wikidata.org/entity/Q17092594","eventLabel":"Q Force"},{"date":"2021-08-17T00:00:00Z","event":"http://www.wikidata.org/entity/Q39052830","eventLabel":"Next Nova Scotia general election"},{"date":"2021-09-07T00:00:00Z","event":"http://www.wikidata.org/entity/Q75922713","eventLabel":"Euralex 2020"},{"date":"2021-08-14T00:00:00Z","event":"http://www.wikidata.org/entity/Q85875488","eventLabel":"Seqalu: Formosa 1867 (TV series 2021)"},{"date":"2021-09-06T00:00:00Z","event":"http://www.wikidata.org/entity/Q87055432","eventLabel":"Recent Advances in Natural Language Processing 2021"},{"date":"2021-09-03T00:00:00Z","event":"http://www.wikidata.org/entity/Q102392534"},{"date":"2021-08-31T00:00:00Z","event":"http://www.wikidata.org/entity/Q104007235","eventLabel":"Only Murders in the Building"},{"date":"2021-09-06T00:00:00Z","event":"http://www.wikidata.org/entity/Q104243470","eventLabel":"SEMANTiCS 2021"},{"date":"2021-08-13T00:00:00Z","event":"http://www.wikidata.org/entity/Q104813441","eventLabel":"El reino"},{"date":"2021-08-15T00:00:00Z","event":"http://www.wikidata.org/entity/Q104874404","eventLabel":"The Newsreader"}]